Value 1,Result, 
51,7.14142842,
972,31.17691454,
570,23.87467277,
881,29.68164416,
540,23.23790008,
368,19.18332609,
17,4.12310562,
245,15.65247584,
90,9.48683298,
732,27.05549852,
3,1.73205080,
292,17.08800749,
53,7.28010988,
925,30.41381265,
323,17.97220076,
632,25.13961018,
809,28.44292531,